method,precision,recall,f1,fpr,A: 升溫過快,B: 過程震盪,C: 緩慢漂移
SPC X-bar,1.0,0.07333333333333333,0.13664596273291926,0.0,0.01,0.0,0.21
Dense AE,1.0,0.69,0.8165680473372781,0.0,0.68,0.8,0.59
Isolation Forest,0.6428571428571429,0.03,0.05732484076433121,0.025,0.02,0.02,0.05
LSTM-AE,0.9725274725274725,0.59,0.7344398340248963,0.025,0.56,0.59,0.62
