{
  "precision": 0.9720670391061452,
  "recall": 0.58,
  "f1": 0.7265135699373695,
  "fpr": 0.025,
  "per_type_recall": {
    "A: 升溫過快": 0.47,
    "B: 過程震盪": 0.59,
    "C: 緩慢漂移": 0.68
  },
  "threshold": 1.8267220748588435,
  "seed": 43,
  "best_epoch": 40,
  "window": 9,
  "use_calib": true,
  "thr_rule": "p99",
  "val_f1": 0.7642276422764228
}