{
  "precision": 0.9705882352941176,
  "recall": 0.55,
  "f1": 0.7021276595744681,
  "fpr": 0.025,
  "per_type_recall": {
    "A: 升溫過快": 0.58,
    "B: 過程震盪": 0.58,
    "C: 緩慢漂移": 0.49
  },
  "threshold": 1.8314227179099096,
  "seed": 44,
  "best_epoch": 260,
  "window": 9,
  "use_calib": true,
  "thr_rule": "p99",
  "val_f1": 0.7333333333333333
}