{
  "precision": 0.9725274725274725,
  "recall": 0.59,
  "f1": 0.7344398340248963,
  "fpr": 0.025,
  "per_type_recall": {
    "A: 升溫過快": 0.56,
    "B: 過程震盪": 0.59,
    "C: 緩慢漂移": 0.62
  },
  "threshold": 1.8016973544337604,
  "seed": 42,
  "best_epoch": 80,
  "window": 9,
  "use_calib": true,
  "thr_rule": "p99",
  "val_f1": 0.7741935483870968
}