{
  "precision": 0.9728260869565217,
  "recall": 0.5966666666666667,
  "f1": 0.7396694214876033,
  "fpr": 0.025,
  "per_type_recall": {
    "A: 升溫過快": 0.55,
    "B: 過程震盪": 0.58,
    "C: 緩慢漂移": 0.66
  },
  "threshold": 1.8095278870717877,
  "seed": 46,
  "best_epoch": 40,
  "window": 9,
  "use_calib": true,
  "thr_rule": "p99",
  "val_f1": 0.7692307692307693
}