{
  "precision": 0.9771428571428571,
  "recall": 0.57,
  "f1": 0.72,
  "fpr": 0.02,
  "per_type_recall": {
    "A: 升溫過快": 0.52,
    "B: 過程震盪": 0.58,
    "C: 緩慢漂移": 0.61
  },
  "threshold": 1.8289658219433602,
  "seed": 45,
  "best_epoch": 60,
  "window": 9,
  "use_calib": true,
  "thr_rule": "p99",
  "val_f1": 0.7489711934156379
}