{
  "status": "locked_final_holdout_no_further_tuning",
  "protocol": {
    "normal_count": 10000,
    "anomaly_count_per_type": 1000,
    "seeds": {
      "normal": 294001,
      "anomaly": 295001
    },
    "threshold_source": "frozen selection-normal profile; no holdout recalibration",
    "same_family_synthetic_holdout": true
  },
  "operating_point": {
    "ensemble_threshold": 1.0455643552008689,
    "selection_target_fpr": 0.001,
    "profiles": [
      {
        "window_size": 8,
        "score_mode": "max",
        "persistence_required": 1,
        "persistence_span": 1,
        "base_scale": 15.662364970613032
      },
      {
        "window_size": 8,
        "score_mode": "mean",
        "persistence_required": 1,
        "persistence_span": 1,
        "base_scale": 9.909443296675217
      },
      {
        "window_size": 64,
        "score_mode": "mean",
        "persistence_required": 3,
        "persistence_span": 5,
        "base_scale": 2.775505103317731
      }
    ]
  },
  "confusion_counts": {
    "true_positive": 2266,
    "false_negative": 734,
    "false_positive": 32,
    "true_negative": 9968
  },
  "metrics": {
    "precision": 0.9860748476936466,
    "recall": 0.7553333333333333,
    "f1": 0.8554171385428464,
    "fpr": 0.0032,
    "auc": 0.9654661833333333,
    "accuracy": 0.941076923076923,
    "fpr_interval": {
      "successes": 32,
      "total": 10000,
      "rate": 0.0032,
      "wilson_95pct": [
        0.0022677138537914978,
        0.004513826927312767
      ]
    },
    "recall_interval": {
      "successes": 2266,
      "total": 3000,
      "rate": 0.7553333333333333,
      "wilson_95pct": [
        0.7396300610426141,
        0.7703835402083195
      ]
    },
    "per_type_recall": {
      "A: dynamic slew excursion": {
        "successes": 586,
        "total": 1000,
        "rate": 0.586,
        "wilson_95pct": [
          0.5551996791811112,
          0.6161421183593733
        ]
      },
      "B: oscillation": {
        "successes": 827,
        "total": 1000,
        "rate": 0.827,
        "wilson_95pct": [
          0.8023165344033985,
          0.8491807655470485
        ]
      },
      "C: drift": {
        "successes": 853,
        "total": 1000,
        "rate": 0.853,
        "wilson_95pct": [
          0.8297022670609647,
          0.8735960414482334
        ]
      }
    },
    "projected_precision": {
      "at_1pct_anomaly_prevalence": 0.7045143638850889,
      "at_0_1pct_anomaly_prevalence": 0.19112040754360515
    },
    "pre_onset_crossing_rate": 0.0026666666666666666,
    "detected_latency_samples": {
      "median": 18.0,
      "p95": 66.0
    },
    "detected_before_injection_end_rate": 0.998676081200353
  },
  "provenance": {
    "artifact_sha256": "34bbd3ab1ac797ecd2311ef10267e58b991798bfb85602155ac653f2da57e502",
    "statistics_sha256": "79ba1e51556f6fd1755f645cc92535a35d52984a733cd24a282f22dc16df43e8",
    "data_protocol_sha256": "b176e2ac899ce7fcf8a86ed988717124a2a05fa5351d206d8fbc030b76299837",
    "code_sha256": {
      "C:\\Max\\Paper\\AIoT\\lstm-ae\\16_evaluate_v3_locked_holdout.py": "c0d1a9b6c677e6c9a067ec7d5689e058f94a5d0edc0c1ddd7b6da3a40ebefef1",
      "v3_data.py": "fd238354e2f91ee32bc208f3e78c9725c732e1424fb4363490b2872c79f4f36b",
      "v3_features.py": "50d805bce955444b492cddb371de22b0e8d2f70842f8041a86d005c9bb884933",
      "models.py": "8d8d47fa71712a4ca64a9a9dc4891a6e387ca2841bf197544648f41ebd2e8fe7",
      "online_evaluation.py": "be2f8d9574386a84a505ca206ce4a6920d6a2cb9495f3b7d43b440bf5bf71cfb",
      "14_train_v3_window_lstm_ae.py": "badee954b0d74099936ed088497f76c482cf87db738ab4c5bc75cd155a971af4",
      "15_select_v3_multiscale.py": "c27a0f29c2e2f420e4a32b022f0675519a3e09fa4db4841e2f20b4c3cadcf4a7"
    },
    "git_commit": "2389c5b4fccc7e668c618f90776191cf831affd4",
    "git_status_porcelain": "",
    "environment": {
      "python": "3.12.13",
      "torch": "2.13.0+cpu",
      "numpy": "2.5.1",
      "scipy": "1.18.0",
      "device": "cpu"
    }
  },
  "limitations": [
    "The locked holdout is generated by the same V3 generator family.",
    "The LAM data cadence is about 1 Hz; sub-second faults are not observable.",
    "Real faulty wafers were not used to tune weights or thresholds.",
    "Raspberry Pi 5 latency and long-duration false-alert rate are not measured yet."
  ]
}
