{
  "status": "locked_final_holdout_no_further_tuning",
  "protocol": {
    "normal_count": 10000,
    "anomaly_count_per_type": 1000,
    "seeds": {
      "normal": 394001,
      "anomaly": 395001
    },
    "threshold_source": "frozen selection-normal profile; no holdout recalibration",
    "same_family_synthetic_holdout": true
  },
  "operating_point": {
    "ensemble_threshold": 1.1160483959991028,
    "selection_target_fpr": 0.001,
    "profiles": [
      {
        "window_size": 8,
        "score_mode": "max",
        "persistence_required": 1,
        "persistence_span": 1,
        "base_scale": 15.662364970613032
      },
      {
        "window_size": 8,
        "score_mode": "mean",
        "persistence_required": 1,
        "persistence_span": 1,
        "base_scale": 9.909443296675217
      },
      {
        "window_size": 64,
        "score_mode": "mean",
        "persistence_required": 3,
        "persistence_span": 5,
        "base_scale": 2.775505103317731
      }
    ]
  },
  "confusion_counts": {
    "true_positive": 2122,
    "false_negative": 878,
    "false_positive": 19,
    "true_negative": 9981
  },
  "metrics": {
    "precision": 0.9911256422232602,
    "recall": 0.7073333333333334,
    "f1": 0.8255203267846722,
    "fpr": 0.0019,
    "auc": 0.9632502333333333,
    "accuracy": 0.931,
    "fpr_interval": {
      "successes": 19,
      "total": 10000,
      "rate": 0.0019,
      "wilson_95pct": [
        0.0012167441596287053,
        0.002965795017239319
      ]
    },
    "recall_interval": {
      "successes": 2122,
      "total": 3000,
      "rate": 0.7073333333333334,
      "wilson_95pct": [
        0.6907952485510612,
        0.7233411221775038
      ]
    },
    "per_type_recall": {
      "A: dynamic slew excursion": {
        "successes": 518,
        "total": 1000,
        "rate": 0.518,
        "wilson_95pct": [
          0.48702069136344844,
          0.5488415453310715
        ]
      },
      "B: oscillation": {
        "successes": 779,
        "total": 1000,
        "rate": 0.779,
        "wilson_95pct": [
          0.7522428263299143,
          0.803621842435146
        ]
      },
      "C: drift": {
        "successes": 825,
        "total": 1000,
        "rate": 0.825,
        "wilson_95pct": [
          0.800218354614785,
          0.8472942523696041
        ]
      }
    },
    "projected_precision": {
      "at_1pct_anomaly_prevalence": 0.7899341101142835,
      "at_0_1pct_anomaly_prevalence": 0.2714839502066195
    },
    "pre_onset_crossing_rate": 0.001,
    "detected_latency_samples": {
      "median": 19.0,
      "p95": 69.0
    },
    "detected_before_injection_end_rate": 0.9976437323279924
  },
  "provenance": {
    "artifact_sha256": "5225deea1e1af34fc5fcab987af03d0aefaebae0c42433b71be4868dac6468b2",
    "statistics_sha256": "79ba1e51556f6fd1755f645cc92535a35d52984a733cd24a282f22dc16df43e8",
    "data_protocol_sha256": "b176e2ac899ce7fcf8a86ed988717124a2a05fa5351d206d8fbc030b76299837",
    "code_sha256": {
      "C:\\Max\\Paper\\AIoT\\lstm-ae\\16_evaluate_v3_locked_holdout.py": "930f6c468a303715fa6e4ef3164ee89b1168523067fcf5d63a41f510561a5a6e",
      "v3_data.py": "fd238354e2f91ee32bc208f3e78c9725c732e1424fb4363490b2872c79f4f36b",
      "v3_features.py": "50d805bce955444b492cddb371de22b0e8d2f70842f8041a86d005c9bb884933",
      "models.py": "8d8d47fa71712a4ca64a9a9dc4891a6e387ca2841bf197544648f41ebd2e8fe7",
      "online_evaluation.py": "be2f8d9574386a84a505ca206ce4a6920d6a2cb9495f3b7d43b440bf5bf71cfb",
      "14_train_v3_window_lstm_ae.py": "badee954b0d74099936ed088497f76c482cf87db738ab4c5bc75cd155a971af4",
      "15_select_v3_multiscale.py": "c27a0f29c2e2f420e4a32b022f0675519a3e09fa4db4841e2f20b4c3cadcf4a7",
      "C:\\Max\\Paper\\AIoT\\lstm-ae\\18_evaluate_v3_1_locked_holdout.py": "68944485898d80d248fd3b8611923b8305c202988c8614a240bd0cb5b5789350"
    },
    "git_commit": "1a6807b3e56f787e0445f7244be4dd03395c1702",
    "git_status_porcelain": "",
    "environment": {
      "python": "3.12.13",
      "torch": "2.13.0+cpu",
      "numpy": "2.5.1",
      "scipy": "1.18.0",
      "device": "cpu"
    }
  },
  "limitations": [
    "The locked holdout is generated by the same V3 generator family.",
    "The LAM data cadence is about 1 Hz; sub-second faults are not observable.",
    "Real faulty wafers were not used to tune weights or thresholds.",
    "Raspberry Pi 5 latency and long-duration false-alert rate are not measured yet."
  ]
}
