method,precision,recall,f1,fpr,A: 暫態到位過快,B: 過程震盪,C: 緩慢漂移
SPC X-bar,0.8823529411764706,0.05,0.0946372239747634,0.01,0.01,0.0,0.14
Dense AE,0.9317269076305221,0.7733333333333333,0.8451730418943534,0.085,0.84,0.71,0.77
Isolation Forest,0.6666666666666666,0.04,0.07547169811320754,0.03,0.02,0.01,0.09
LSTM-AE,0.9858490566037735,0.6966666666666667,0.81640625,0.015,0.71,0.66,0.72
