method,precision,recall,f1,fpr,A: 升溫過快,B: 過程震盪,C: 緩慢漂移
SPC X-bar,0.8823529411764706,0.05,0.0946372239747634,0.01,0.01,0.0,0.14
Dense AE,0.9799196787148594,0.8133333333333334,0.8888888888888888,0.025,0.85,0.75,0.84
Isolation Forest,0.6666666666666666,0.04,0.07547169811320754,0.03,0.02,0.01,0.09
LSTM-AE,0.9671361502347418,0.6866666666666666,0.8031189083820662,0.035,0.69,0.69,0.68
