method,precision,recall,f1,fpr,A: 升溫過快,B: 過程震盪,C: 緩慢漂移
SPC X-bar,0.9354838709677419,0.09666666666666666,0.17522658610271905,0.01,0.01,0.01,0.27
Dense AE,0.9951690821256038,0.6866666666666666,0.8126232741617357,0.005,0.62,0.78,0.66
Isolation Forest,0.8235294117647058,0.04666666666666667,0.08832807570977919,0.015,0.02,0.04,0.08
LSTM-AE,0.9744680851063829,0.7633333333333333,0.8560747663551402,0.03,0.8,0.85,0.64
