{
  "precision": 0.9744680851063829,
  "recall": 0.7633333333333333,
  "f1": 0.8560747663551402,
  "false_positive_rate": 0.03,
  "threshold": 1.8487380425391866,
  "best_epoch": 220,
  "window": 9,
  "use_calib": false,
  "val_selection_f1": 0.8970588235294118,
  "per_type_recall": {
    "A: 升溫過快": 0.8,
    "B: 過程震盪": 0.85,
    "C: 緩慢漂移": 0.64
  }
}