{
  "direct_transfer": {
    "threshold": 1.772204338402371,
    "fpr": 0.13953488372093023,
    "recall": 0.8
  },
  "recalibrated": {
    "threshold": 2.1090203183564222,
    "fpr": 0.046511627906976744,
    "recall": 0.7,
    "auc": 0.9069767441860465,
    "recall_monitored": 1.0,
    "recall_unmonitored": 0.5,
    "per_fault": {
      "TCP +50#0": false,
      "RF -12#1": false,
      "RF +10#2": true,
      "Pr +3#3": true,
      "TCP +10#4": false,
      "BCl3 +5#5": true,
      "Pr -2#6": true,
      "Cl2 -5#7": true,
      "He Chuck#8": true,
      "TCP +30#9": false,
      "Cl2 +5#10": true,
      "BCl3 -5#11": true,
      "Pr +2#12": true,
      "TCP -20#13": true,
      "TCP -15#14": false,
      "Cl2 -10#15": true,
      "RF -12#16": true,
      "BCl3 +10#17": true,
      "Pr +1#18": true,
      "TCP +20#19": false
    }
  },
  "spc": {
    "fpr": 0.0,
    "recall": 0.25
  },
  "dense_ae": {
    "threshold": 3.0913520944318815,
    "fpr": 0.0,
    "recall": 0.65,
    "auc": 0.9232558139534883
  },
  "streaming_forecaster": {
    "threshold": 2.1490102555931667,
    "fpr": 0.046511627906976744,
    "recall": 0.65,
    "auc": 0.9104651162790698,
    "median_first_alarm_progress_detected": 0.0989010989010989,
    "timing_note": "Process progress only; the real dataset has no verified fault-onset timestamp."
  }
}