{
  "n_normal_total": 107,
  "split_seed": 123,
  "stats_idx": [
    101,
    71,
    1,
    72,
    54,
    106,
    15,
    78,
    83,
    55,
    57,
    104,
    38,
    43,
    14,
    23,
    92,
    84,
    53,
    17,
    87,
    4,
    21,
    3,
    48,
    37,
    99,
    31,
    52,
    40,
    93,
    74,
    2,
    41,
    47,
    32,
    11,
    102,
    66,
    98,
    10,
    56,
    50,
    81,
    18,
    70,
    13,
    7,
    9,
    58,
    105,
    34,
    36,
    0,
    39,
    65,
    51,
    64,
    96,
    97,
    20,
    89,
    67,
    28
  ],
  "holdout_idx": [
    26,
    95,
    82,
    85,
    79,
    68,
    30,
    19,
    60,
    80,
    90,
    42,
    24,
    94,
    100,
    103,
    59,
    63,
    29,
    69,
    27,
    61,
    45,
    75,
    62,
    6,
    8,
    33,
    44,
    88,
    12,
    16,
    73,
    76,
    86,
    49,
    5,
    46,
    22,
    91,
    35,
    25,
    77
  ],
  "len_min": 95,
  "len_max": 112,
  "profile_grid": 101,
  "sampling": {
    "time_column": "Time",
    "time_unit_assumption": "seconds",
    "n_positive_intervals": 6320,
    "median_interval": 1.019999999999996,
    "p05_interval": 0.9960999999999984,
    "p95_interval": 1.0488,
    "min_interval": 0.8564000000000007,
    "max_interval": 2.3496000000000095,
    "median_rate_hz_if_seconds": 0.9803921568627489
  },
  "sensors": {
    "Cl2 Flow": {
      "index": 3,
      "physical_meaning": "製程氣體流量 (sccm)，MFC 流量控制迴路",
      "mean": 753.2339072436793,
      "std": 0.7473927461134681,
      "range": [
        749.0,
        757.0
      ],
      "profile": [
        752.78125,
        753.01984375,
        753.0662500000002,
        753.4915625000002,
        753.5181249999999,
        753.1390625000001,
        752.946875,
        752.9414062500001,
        752.8199999999999,
        752.8101562500001,
        752.8484374999997,
        753.0206249999999,
        753.0262500000002,
        753.0710937500002,
        752.9459375,
        753.1296874999999,
        753.2087499999998,
        753.2646875000002,
        753.3393749999999,
        753.3548437499999,
        753.1843750000002,
        753.27546875,
        753.3759375000001,
        753.2023437499997,
        753.1956250000001,
        753.26953125,
        753.31625,
        753.3314062499999,
        753.44625,
        753.3887500000002,
        753.3343750000001,
        753.4004687500001,
        753.4137499999999,
        753.1985937500002,
        753.2921875000001,
        753.3828125,
        753.285625,
        753.3024999999999,
        753.2046875,
        753.3179687500001,
        753.2375000000003,
        753.1514062500004,
        753.2253125000002,
        753.14015625,
        753.1562499999999,
        753.3789062499998,
        753.3324999999999,
        753.4570312500001,
        753.4899999999998,
        753.2946874999999,
        753.3828125,
        753.4596875000001,
        753.3856250000002,
        753.4512500000001,
        753.4153125000001,
        753.484375,
        753.1824999999999,
        753.1478125000001,
        753.2618749999999,
        753.4335937500001,
        753.4187500000002,
        753.3571874999999,
        753.264375,
        753.2628125000001,
        753.3206250000002,
        753.2859375,
        753.2940625000002,
        753.29234375,
        753.353125,
        753.1206249999999,
        753.1765624999999,
        753.260625,
        753.136875,
        753.2037499999999,
        753.3146875000001,
        753.296875,
        753.3212499999998,
        753.2245312499999,
        753.0490625,
        753.23359375,
        753.2218749999998,
        753.1512500000001,
        753.1593750000001,
        753.1642187500003,
        753.2350000000001,
        753.1710937500001,
        753.2228124999999,
        753.235625,
        753.2243749999999,
        753.23140625,
        753.2593750000001,
        753.1789062500001,
        753.1549999999999,
        753.19296875,
        753.2121875,
        753.3890625000001,
        753.2768749999998,
        753.2165625,
        753.1818750000002,
        753.2279687500002,
        752.8125
      ],
      "within_wafer_std": 0.7241594993475349,
      "between_wafer_std": 0.07319860592744225,
      "lag1_autocorr": -0.03695404578252397,
      "quant_step": 1.0,
      "transient_amp": 0.489064429012501
    },
    "He Press": {
      "index": 7,
      "physical_meaning": "晶圓背面 He 冷卻壓力，散熱系統壓力控制",
      "mean": 100.63502404219017,
      "std": 0.7503901649196277,
      "range": [
        99.0,
        102.0
      ],
      "profile": [
        100.125,
        100.41296874999996,
        100.49406250000003,
        100.61031250000002,
        100.63875000000002,
        100.65859375,
        100.72124999999998,
        100.80109374999999,
        100.74312499999998,
        100.56687500000001,
        100.53281249999998,
        100.37734375,
        100.48812500000001,
        100.58374999999998,
        100.68343749999997,
        100.75546874999996,
        100.634375,
        100.53937499999998,
        100.569375,
        100.67171875000001,
        100.64999999999999,
        100.53437500000001,
        100.55062500000003,
        100.61437499999997,
        100.618125,
        100.61328125,
        100.64281249999998,
        100.63687499999999,
        100.60062500000001,
        100.69859375,
        100.61875,
        100.5621875,
        100.57374999999998,
        100.52750000000002,
        100.55812500000002,
        100.65546875000003,
        100.5325,
        100.5784375,
        100.60312499999999,
        100.53390625,
        100.60624999999999,
        100.64390625000001,
        100.624375,
        100.5690625,
        100.503125,
        100.49375,
        100.49718749999998,
        100.531875,
        100.51999999999998,
        100.66875,
        100.5078125,
        100.45406250000002,
        100.53437500000001,
        100.63609375000001,
        100.51937500000001,
        100.77031249999999,
        100.69937499999997,
        100.90546875,
        100.8328125,
        100.71265625000002,
        100.63750000000002,
        100.69296874999996,
        100.8103125,
        100.76906249999999,
        100.73437500000003,
        100.72109375000001,
        100.56625000000004,
        100.63078124999998,
        100.66999999999999,
        100.79328124999996,
        100.803125,
        100.70046874999998,
        100.68250000000002,
        100.74078125,
        100.6075,
        100.6796875,
        100.74125000000001,
        100.75234375000001,
        100.75874999999996,
        100.76078124999998,
        100.54374999999997,
        100.61296875000001,
        100.69593749999999,
        100.72312500000002,
        100.754375,
        100.76171875000001,
        100.69218749999997,
        100.57109375,
        100.61375000000001,
        100.75125000000001,
        100.715625,
        100.66390625000001,
        100.595,
        100.6625,
        100.71249999999998,
        100.71640625,
        100.79750000000003,
        100.73281250000001,
        100.66656250000004,
        100.80171874999998,
        100.21875
      ],
      "within_wafer_std": 0.7270844894029223,
      "between_wafer_std": 0.11028987654488527,
      "lag1_autocorr": 0.017580180948038787,
      "quant_step": 1.0,
      "transient_amp": 0.5217939814814798
    },
    "Pressure": {
      "index": 8,
      "physical_meaning": "反應腔壓力 (mTorr)，壓力控制迴路的被控變數",
      "mean": 1202.4689002636885,
      "std": 26.013436036572745,
      "range": [
        1138.0,
        1316.0
      ],